,Ticket_ID,Horas,Minutos,Duracion
0,Cliente 1_16,16,1.0,540.0
1,Cliente 2_16,16,1.0,540.0
2,Cliente 3_16,16,1.0,540.0
3,Cliente 4_16,16,2.0,540.0
4,Cliente 5_16,16,2.0,540.0
5,Cliente 6_16,16,2.0,540.0
6,Cliente 7_16,16,3.0,540.0
7,Cliente 8_16,16,4.0,540.0
8,Cliente 9_16,16,5.0,540.0
9,Cliente 10_16,16,5.0,540.0
10,Cliente 11_16,16,6.0,540.0
11,Cliente 12_16,16,6.0,540.0
12,Cliente 13_16,16,6.0,540.0
13,Cliente 14_16,16,7.0,540.0
14,Cliente 15_16,16,7.0,540.0
15,Cliente 16_16,16,8.0,540.0
16,Cliente 17_16,16,9.0,540.0
17,Cliente 18_16,16,9.0,540.0
18,Cliente 19_16,16,9.0,540.0
19,Cliente 20_16,16,10.0,540.0
20,Cliente 21_16,16,11.0,540.0
21,Cliente 22_16,16,11.0,540.0
22,Cliente 23_16,16,12.0,540.0
23,Cliente 24_16,16,13.0,540.0
24,Cliente 25_16,16,13.0,540.0
25,Cliente 26_16,16,13.0,540.0
26,Cliente 27_16,16,13.0,540.0
27,Cliente 28_16,16,13.0,540.0
28,Cliente 29_16,16,14.0,540.0
29,Cliente 30_16,16,14.0,540.0
30,Cliente 31_16,16,15.0,540.0
31,Cliente 32_16,16,15.0,540.0
32,Cliente 33_16,16,17.0,540.0
33,Cliente 34_16,16,18.0,540.0
34,Cliente 35_16,16,18.0,540.0
35,Cliente 36_16,16,18.0,540.0
36,Cliente 37_16,16,18.0,540.0
37,Cliente 38_16,16,18.0,540.0
38,Cliente 39_16,16,19.0,540.0
39,Cliente 40_16,16,20.0,540.0
40,Cliente 41_16,16,20.0,540.0
41,Cliente 42_16,16,20.0,540.0
42,Cliente 43_16,16,20.0,540.0
43,Cliente 44_16,16,20.0,540.0
44,Cliente 45_16,16,22.0,540.0
45,Cliente 46_16,16,22.0,540.0
46,Cliente 47_16,16,22.0,540.0
47,Cliente 48_16,16,23.0,540.0
48,Cliente 49_16,16,23.0,540.0
49,Cliente 50_16,16,23.0,540.0
50,Cliente 51_16,16,24.0,540.0
51,Cliente 52_16,16,24.0,540.0
52,Cliente 53_16,16,24.0,540.0
53,Cliente 54_16,16,25.0,540.0
54,Cliente 55_16,16,25.0,540.0
55,Cliente 56_16,16,27.0,540.0
56,Cliente 57_16,16,27.0,540.0
57,Cliente 58_16,16,28.0,540.0
58,Cliente 59_16,16,28.0,540.0
59,Cliente 60_16,16,29.0,540.0
60,Cliente 61_16,16,31.0,540.0
61,Cliente 62_16,16,31.0,540.0
62,Cliente 63_16,16,31.0,540.0
63,Cliente 64_16,16,32.0,540.0
64,Cliente 65_16,16,32.0,540.0
65,Cliente 66_16,16,32.0,540.0
66,Cliente 67_16,16,33.0,540.0
67,Cliente 68_16,16,34.0,540.0
68,Cliente 69_16,16,34.0,540.0
69,Cliente 70_16,16,35.0,540.0
70,Cliente 71_16,16,35.0,540.0
71,Cliente 72_16,16,36.0,540.0
72,Cliente 73_16,16,36.0,540.0
73,Cliente 74_16,16,36.0,540.0
74,Cliente 75_16,16,36.0,540.0
75,Cliente 76_16,16,39.0,540.0
76,Cliente 77_16,16,39.0,540.0
77,Cliente 78_16,16,40.0,540.0
78,Cliente 79_16,16,40.0,540.0
79,Cliente 80_16,16,41.0,540.0
80,Cliente 81_16,16,42.0,540.0
81,Cliente 82_16,16,42.0,540.0
82,Cliente 83_16,16,42.0,540.0
83,Cliente 84_16,16,42.0,540.0
84,Cliente 85_16,16,42.0,540.0
85,Cliente 86_16,16,42.0,540.0
86,Cliente 87_16,16,43.0,540.0
87,Cliente 88_16,16,43.0,540.0
88,Cliente 89_16,16,43.0,540.0
89,Cliente 90_16,16,44.0,540.0
90,Cliente 91_16,16,44.0,540.0
91,Cliente 92_16,16,44.0,540.0
92,Cliente 93_16,16,44.0,540.0
93,Cliente 94_16,16,44.0,540.0
94,Cliente 95_16,16,45.0,540.0
95,Cliente 96_16,16,46.0,540.0
96,Cliente 97_16,16,47.0,540.0
97,Cliente 98_16,16,47.0,540.0
98,Cliente 99_16,16,48.0,540.0
99,Cliente 100_16,16,48.0,540.0
100,Cliente 101_16,16,48.0,540.0
101,Cliente 102_16,16,50.0,540.0
102,Cliente 103_16,16,52.0,540.0
103,Cliente 104_16,16,52.0,540.0
104,Cliente 105_16,16,52.0,540.0
105,Cliente 106_16,16,52.0,540.0
106,Cliente 107_16,16,53.0,540.0
107,Cliente 108_16,16,54.0,540.0
108,Cliente 109_16,16,54.0,540.0
109,Cliente 110_16,16,54.0,540.0
110,Cliente 111_16,16,54.0,540.0
111,Cliente 112_16,16,55.0,540.0
112,Cliente 113_16,16,55.0,540.0
113,Cliente 114_16,16,55.0,540.0
114,Cliente 115_16,16,56.0,540.0
115,Cliente 116_16,16,56.0,540.0
116,Cliente 117_16,16,56.0,540.0
117,Cliente 118_16,16,57.0,540.0
118,Cliente 119_16,16,58.0,540.0
119,Cliente 120_16,16,58.0,540.0
120,Cliente 121_16,16,59.0,540.0
121,Cliente 122_16,16,59.0,540.0
122,Cliente 123_16,16,59.0,540.0
123,Cliente 124_16,16,59.0,540.0
124,Cliente 125_16,16,59.0,540.0
125,Cliente 126_16,17,0.0,540.0
126,Cliente 1_15,15,0.0,540.0
127,Cliente 2_15,15,1.0,540.0
128,Cliente 3_15,15,1.0,540.0
129,Cliente 4_15,15,1.0,540.0
130,Cliente 5_15,15,1.0,540.0
131,Cliente 6_15,15,2.0,540.0
132,Cliente 7_15,15,2.0,540.0
133,Cliente 8_15,15,3.0,540.0
134,Cliente 9_15,15,3.0,540.0
135,Cliente 10_15,15,3.0,540.0
136,Cliente 11_15,15,4.0,540.0
137,Cliente 12_15,15,4.0,540.0
138,Cliente 13_15,15,5.0,540.0
139,Cliente 14_15,15,5.0,540.0
140,Cliente 15_15,15,5.0,540.0
141,Cliente 16_15,15,6.0,540.0
142,Cliente 17_15,15,6.0,540.0
143,Cliente 18_15,15,7.0,540.0
144,Cliente 19_15,15,7.0,540.0
145,Cliente 20_15,15,7.0,540.0
146,Cliente 21_15,15,7.0,540.0
147,Cliente 22_15,15,8.0,540.0
148,Cliente 23_15,15,8.0,540.0
149,Cliente 24_15,15,9.0,540.0
150,Cliente 25_15,15,9.0,540.0
151,Cliente 26_15,15,10.0,540.0
152,Cliente 27_15,15,11.0,540.0
153,Cliente 28_15,15,12.0,540.0
154,Cliente 29_15,15,12.0,540.0
155,Cliente 30_15,15,12.0,540.0
156,Cliente 31_15,15,13.0,540.0
157,Cliente 32_15,15,14.0,540.0
158,Cliente 33_15,15,14.0,540.0
159,Cliente 34_15,15,14.0,540.0
160,Cliente 35_15,15,14.0,540.0
161,Cliente 36_15,15,15.0,540.0
162,Cliente 37_15,15,15.0,540.0
163,Cliente 38_15,15,15.0,540.0
164,Cliente 39_15,15,15.0,540.0
165,Cliente 40_15,15,15.0,540.0
166,Cliente 41_15,15,15.0,540.0
167,Cliente 42_15,15,15.0,540.0
168,Cliente 43_15,15,16.0,540.0
169,Cliente 44_15,15,16.0,540.0
170,Cliente 45_15,15,16.0,540.0
171,Cliente 46_15,15,18.0,540.0
172,Cliente 47_15,15,18.0,540.0
173,Cliente 48_15,15,18.0,540.0
174,Cliente 49_15,15,19.0,540.0
175,Cliente 50_15,15,19.0,540.0
176,Cliente 51_15,15,19.0,540.0
177,Cliente 52_15,15,20.0,540.0
178,Cliente 53_15,15,20.0,540.0
179,Cliente 54_15,15,21.0,540.0
180,Cliente 55_15,15,21.0,540.0
181,Cliente 56_15,15,22.0,540.0
182,Cliente 57_15,15,22.0,540.0
183,Cliente 58_15,15,23.0,540.0
184,Cliente 59_15,15,23.0,540.0
185,Cliente 60_15,15,25.0,540.0
186,Cliente 61_15,15,25.0,540.0
187,Cliente 62_15,15,26.0,540.0
188,Cliente 63_15,15,26.0,540.0
189,Cliente 64_15,15,26.0,540.0
190,Cliente 65_15,15,26.0,540.0
191,Cliente 66_15,15,27.0,540.0
192,Cliente 67_15,15,28.0,540.0
193,Cliente 68_15,15,30.0,540.0
194,Cliente 69_15,15,31.0,540.0
195,Cliente 70_15,15,32.0,540.0
196,Cliente 71_15,15,33.0,540.0
197,Cliente 72_15,15,33.0,540.0
198,Cliente 73_15,15,34.0,540.0
199,Cliente 74_15,15,34.0,540.0
200,Cliente 75_15,15,34.0,540.0
201,Cliente 76_15,15,34.0,540.0
202,Cliente 77_15,15,34.0,540.0
203,Cliente 78_15,15,34.0,540.0
204,Cliente 79_15,15,35.0,540.0
205,Cliente 80_15,15,35.0,540.0
206,Cliente 81_15,15,35.0,540.0
207,Cliente 82_15,15,36.0,540.0
208,Cliente 83_15,15,36.0,540.0
209,Cliente 84_15,15,37.0,540.0
210,Cliente 85_15,15,38.0,540.0
211,Cliente 86_15,15,39.0,540.0
212,Cliente 87_15,15,40.0,540.0
213,Cliente 88_15,15,40.0,540.0
214,Cliente 89_15,15,40.0,540.0
215,Cliente 90_15,15,40.0,540.0
216,Cliente 91_15,15,41.0,540.0
217,Cliente 92_15,15,41.0,540.0
218,Cliente 93_15,15,42.0,540.0
219,Cliente 94_15,15,42.0,540.0
220,Cliente 95_15,15,42.0,540.0
221,Cliente 96_15,15,42.0,540.0
222,Cliente 97_15,15,42.0,540.0
223,Cliente 98_15,15,45.0,540.0
224,Cliente 99_15,15,45.0,540.0
225,Cliente 100_15,15,45.0,540.0
226,Cliente 101_15,15,45.0,540.0
227,Cliente 102_15,15,46.0,540.0
228,Cliente 103_15,15,46.0,540.0
229,Cliente 104_15,15,47.0,540.0
230,Cliente 105_15,15,48.0,540.0
231,Cliente 106_15,15,48.0,540.0
232,Cliente 107_15,15,48.0,540.0
233,Cliente 108_15,15,48.0,540.0
234,Cliente 109_15,15,48.0,540.0
235,Cliente 110_15,15,48.0,540.0
236,Cliente 111_15,15,49.0,540.0
237,Cliente 112_15,15,49.0,540.0
238,Cliente 113_15,15,49.0,540.0
239,Cliente 114_15,15,49.0,540.0
240,Cliente 115_15,15,49.0,540.0
241,Cliente 116_15,15,49.0,540.0
242,Cliente 117_15,15,50.0,540.0
243,Cliente 118_15,15,50.0,540.0
244,Cliente 119_15,15,50.0,540.0
245,Cliente 120_15,15,50.0,540.0
246,Cliente 121_15,15,51.0,540.0
247,Cliente 122_15,15,51.0,540.0
248,Cliente 123_15,15,51.0,540.0
249,Cliente 124_15,15,52.0,540.0
250,Cliente 125_15,15,52.0,540.0
251,Cliente 126_15,15,52.0,540.0
252,Cliente 127_15,15,52.0,540.0
253,Cliente 128_15,15,52.0,540.0
254,Cliente 129_15,15,53.0,540.0
255,Cliente 130_15,15,53.0,540.0
256,Cliente 131_15,15,54.0,540.0
257,Cliente 132_15,15,54.0,540.0
258,Cliente 133_15,15,54.0,540.0
259,Cliente 134_15,15,56.0,540.0
260,Cliente 135_15,15,56.0,540.0
261,Cliente 136_15,15,56.0,540.0
262,Cliente 137_15,15,58.0,540.0
263,Cliente 138_15,15,58.0,540.0
264,Cliente 139_15,15,59.0,540.0
265,Cliente 140_15,15,59.0,540.0
266,Cliente 141_15,16,0.0,540.0
267,Cliente 142_15,16,0.0,540.0
268,Cliente 1_14,14,1.0,540.0
269,Cliente 2_14,14,1.0,540.0
270,Cliente 3_14,14,1.0,540.0
271,Cliente 4_14,14,1.0,540.0
272,Cliente 5_14,14,2.0,540.0
273,Cliente 6_14,14,2.0,540.0
274,Cliente 7_14,14,2.0,540.0
275,Cliente 8_14,14,3.0,540.0
276,Cliente 9_14,14,3.0,540.0
277,Cliente 10_14,14,3.0,540.0
278,Cliente 11_14,14,3.0,540.0
279,Cliente 12_14,14,3.0,540.0
280,Cliente 13_14,14,4.0,540.0
281,Cliente 14_14,14,4.0,540.0
282,Cliente 15_14,14,4.0,540.0
283,Cliente 16_14,14,4.0,540.0
284,Cliente 17_14,14,4.0,540.0
285,Cliente 18_14,14,5.0,540.0
286,Cliente 19_14,14,5.0,540.0
287,Cliente 20_14,14,5.0,540.0
288,Cliente 21_14,14,6.0,540.0
289,Cliente 22_14,14,6.0,540.0
290,Cliente 23_14,14,6.0,540.0
291,Cliente 24_14,14,6.0,540.0
292,Cliente 25_14,14,7.0,540.0
293,Cliente 26_14,14,7.0,540.0
294,Cliente 27_14,14,8.0,540.0
295,Cliente 28_14,14,8.0,540.0
296,Cliente 29_14,14,9.0,540.0
297,Cliente 30_14,14,9.0,540.0
298,Cliente 31_14,14,9.0,540.0
299,Cliente 32_14,14,10.0,540.0
300,Cliente 33_14,14,10.0,540.0
301,Cliente 34_14,14,10.0,540.0
302,Cliente 35_14,14,11.0,540.0
303,Cliente 36_14,14,11.0,540.0
304,Cliente 37_14,14,11.0,540.0
305,Cliente 38_14,14,11.0,540.0
306,Cliente 39_14,14,13.0,540.0
307,Cliente 40_14,14,14.0,540.0
308,Cliente 41_14,14,14.0,540.0
309,Cliente 42_14,14,15.0,540.0
310,Cliente 43_14,14,15.0,540.0
311,Cliente 44_14,14,15.0,540.0
312,Cliente 45_14,14,15.0,540.0
313,Cliente 46_14,14,15.0,540.0
314,Cliente 47_14,14,16.0,540.0
315,Cliente 48_14,14,16.0,540.0
316,Cliente 49_14,14,17.0,540.0
317,Cliente 50_14,14,17.0,540.0
318,Cliente 51_14,14,18.0,540.0
319,Cliente 52_14,14,20.0,540.0
320,Cliente 53_14,14,21.0,540.0
321,Cliente 54_14,14,21.0,540.0
322,Cliente 55_14,14,21.0,540.0
323,Cliente 56_14,14,22.0,540.0
324,Cliente 57_14,14,22.0,540.0
325,Cliente 58_14,14,22.0,540.0
326,Cliente 59_14,14,23.0,540.0
327,Cliente 60_14,14,23.0,540.0
328,Cliente 61_14,14,24.0,540.0
329,Cliente 62_14,14,25.0,540.0
330,Cliente 63_14,14,25.0,540.0
331,Cliente 64_14,14,27.0,540.0
332,Cliente 65_14,14,28.0,540.0
333,Cliente 66_14,14,29.0,540.0
334,Cliente 67_14,14,29.0,540.0
335,Cliente 68_14,14,29.0,540.0
336,Cliente 69_14,14,29.0,540.0
337,Cliente 70_14,14,29.0,540.0
338,Cliente 71_14,14,31.0,540.0
339,Cliente 72_14,14,32.0,540.0
340,Cliente 73_14,14,32.0,540.0
341,Cliente 74_14,14,33.0,540.0
342,Cliente 75_14,14,33.0,540.0
343,Cliente 76_14,14,34.0,540.0
344,Cliente 77_14,14,34.0,540.0
345,Cliente 78_14,14,35.0,540.0
346,Cliente 79_14,14,35.0,540.0
347,Cliente 80_14,14,35.0,540.0
348,Cliente 81_14,14,35.0,540.0
349,Cliente 82_14,14,35.0,540.0
350,Cliente 83_14,14,35.0,540.0
351,Cliente 84_14,14,36.0,540.0
352,Cliente 85_14,14,36.0,540.0
353,Cliente 86_14,14,37.0,540.0
354,Cliente 87_14,14,37.0,540.0
355,Cliente 88_14,14,37.0,540.0
356,Cliente 89_14,14,38.0,540.0
357,Cliente 90_14,14,38.0,540.0
358,Cliente 91_14,14,38.0,540.0
359,Cliente 92_14,14,39.0,540.0
360,Cliente 93_14,14,39.0,540.0
361,Cliente 94_14,14,39.0,540.0
362,Cliente 95_14,14,40.0,540.0
363,Cliente 96_14,14,40.0,540.0
364,Cliente 97_14,14,40.0,540.0
365,Cliente 98_14,14,40.0,540.0
366,Cliente 99_14,14,40.0,540.0
367,Cliente 100_14,14,40.0,540.0
368,Cliente 101_14,14,41.0,540.0
369,Cliente 102_14,14,42.0,540.0
370,Cliente 103_14,14,42.0,540.0
371,Cliente 104_14,14,43.0,540.0
372,Cliente 105_14,14,43.0,540.0
373,Cliente 106_14,14,44.0,540.0
374,Cliente 107_14,14,44.0,540.0
375,Cliente 108_14,14,44.0,540.0
376,Cliente 109_14,14,44.0,540.0
377,Cliente 110_14,14,45.0,540.0
378,Cliente 111_14,14,45.0,540.0
379,Cliente 112_14,14,45.0,540.0
380,Cliente 113_14,14,46.0,540.0
381,Cliente 114_14,14,46.0,540.0
382,Cliente 115_14,14,46.0,540.0
383,Cliente 116_14,14,47.0,540.0
384,Cliente 117_14,14,48.0,540.0
385,Cliente 118_14,14,49.0,540.0
386,Cliente 119_14,14,49.0,540.0
387,Cliente 120_14,14,49.0,540.0
388,Cliente 121_14,14,50.0,540.0
389,Cliente 122_14,14,50.0,540.0
390,Cliente 123_14,14,51.0,540.0
391,Cliente 124_14,14,52.0,540.0
392,Cliente 125_14,14,52.0,540.0
393,Cliente 126_14,14,53.0,540.0
394,Cliente 127_14,14,53.0,540.0
395,Cliente 128_14,14,53.0,540.0
396,Cliente 129_14,14,53.0,540.0
397,Cliente 130_14,14,53.0,540.0
398,Cliente 131_14,14,54.0,540.0
399,Cliente 132_14,14,54.0,540.0
400,Cliente 133_14,14,54.0,540.0
401,Cliente 134_14,14,54.0,540.0
402,Cliente 135_14,14,55.0,540.0
403,Cliente 136_14,14,55.0,540.0
404,Cliente 137_14,14,55.0,540.0
405,Cliente 138_14,14,56.0,540.0
406,Cliente 139_14,14,56.0,540.0
407,Cliente 140_14,14,56.0,540.0
408,Cliente 141_14,14,57.0,540.0
409,Cliente 142_14,14,57.0,540.0
410,Cliente 143_14,14,58.0,540.0
411,Cliente 144_14,14,59.0,540.0
412,Cliente 145_14,14,59.0,540.0
413,Cliente 146_14,15,0.0,540.0
414,Cliente 147_14,15,0.0,540.0
415,Cliente 1_13,13,0.0,540.0
416,Cliente 2_13,13,1.0,540.0
417,Cliente 3_13,13,1.0,540.0
418,Cliente 4_13,13,1.0,540.0
419,Cliente 5_13,13,1.0,540.0
420,Cliente 6_13,13,2.0,540.0
421,Cliente 7_13,13,2.0,540.0
422,Cliente 8_13,13,2.0,540.0
423,Cliente 9_13,13,2.0,540.0
424,Cliente 10_13,13,6.0,540.0
425,Cliente 11_13,13,6.0,540.0
426,Cliente 12_13,13,7.0,540.0
427,Cliente 13_13,13,7.0,540.0
428,Cliente 14_13,13,7.0,540.0
429,Cliente 15_13,13,7.0,540.0
430,Cliente 16_13,13,7.0,540.0
431,Cliente 17_13,13,7.0,540.0
432,Cliente 18_13,13,8.0,540.0
433,Cliente 19_13,13,8.0,540.0
434,Cliente 20_13,13,9.0,540.0
435,Cliente 21_13,13,9.0,540.0
436,Cliente 22_13,13,10.0,540.0
437,Cliente 23_13,13,10.0,540.0
438,Cliente 24_13,13,11.0,540.0
439,Cliente 25_13,13,11.0,540.0
440,Cliente 26_13,13,11.0,540.0
441,Cliente 27_13,13,11.0,540.0
442,Cliente 28_13,13,12.0,540.0
443,Cliente 29_13,13,12.0,540.0
444,Cliente 30_13,13,12.0,540.0
445,Cliente 31_13,13,14.0,540.0
446,Cliente 32_13,13,16.0,540.0
447,Cliente 33_13,13,17.0,540.0
448,Cliente 34_13,13,17.0,540.0
449,Cliente 35_13,13,19.0,540.0
450,Cliente 36_13,13,19.0,540.0
451,Cliente 37_13,13,19.0,540.0
452,Cliente 38_13,13,19.0,540.0
453,Cliente 39_13,13,19.0,540.0
454,Cliente 40_13,13,21.0,540.0
455,Cliente 41_13,13,22.0,540.0
456,Cliente 42_13,13,22.0,540.0
457,Cliente 43_13,13,22.0,540.0
458,Cliente 44_13,13,24.0,540.0
459,Cliente 45_13,13,24.0,540.0
460,Cliente 46_13,13,24.0,540.0
461,Cliente 47_13,13,25.0,540.0
462,Cliente 48_13,13,25.0,540.0
463,Cliente 49_13,13,25.0,540.0
464,Cliente 50_13,13,25.0,540.0
465,Cliente 51_13,13,26.0,540.0
466,Cliente 52_13,13,26.0,540.0
467,Cliente 53_13,13,26.0,540.0
468,Cliente 54_13,13,27.0,540.0
469,Cliente 55_13,13,27.0,540.0
470,Cliente 56_13,13,27.0,540.0
471,Cliente 57_13,13,29.0,540.0
472,Cliente 58_13,13,29.0,540.0
473,Cliente 59_13,13,30.0,540.0
474,Cliente 60_13,13,30.0,540.0
475,Cliente 61_13,13,30.0,540.0
476,Cliente 62_13,13,31.0,540.0
477,Cliente 63_13,13,31.0,540.0
478,Cliente 64_13,13,32.0,540.0
479,Cliente 65_13,13,33.0,540.0
480,Cliente 66_13,13,33.0,540.0
481,Cliente 67_13,13,33.0,540.0
482,Cliente 68_13,13,33.0,540.0
483,Cliente 69_13,13,33.0,540.0
484,Cliente 70_13,13,34.0,540.0
485,Cliente 71_13,13,34.0,540.0
486,Cliente 72_13,13,35.0,540.0
487,Cliente 73_13,13,35.0,540.0
488,Cliente 74_13,13,36.0,540.0
489,Cliente 75_13,13,36.0,540.0
490,Cliente 76_13,13,36.0,540.0
491,Cliente 77_13,13,36.0,540.0
492,Cliente 78_13,13,36.0,540.0
493,Cliente 79_13,13,37.0,540.0
494,Cliente 80_13,13,37.0,540.0
495,Cliente 81_13,13,37.0,540.0
496,Cliente 82_13,13,39.0,540.0
497,Cliente 83_13,13,39.0,540.0
498,Cliente 84_13,13,39.0,540.0
499,Cliente 85_13,13,40.0,540.0
500,Cliente 86_13,13,41.0,540.0
501,Cliente 87_13,13,41.0,540.0
502,Cliente 88_13,13,41.0,540.0
503,Cliente 89_13,13,42.0,540.0
504,Cliente 90_13,13,42.0,540.0
505,Cliente 91_13,13,42.0,540.0
506,Cliente 92_13,13,42.0,540.0
507,Cliente 93_13,13,42.0,540.0
508,Cliente 94_13,13,43.0,540.0
509,Cliente 95_13,13,43.0,540.0
510,Cliente 96_13,13,43.0,540.0
511,Cliente 97_13,13,43.0,540.0
512,Cliente 98_13,13,44.0,540.0
513,Cliente 99_13,13,44.0,540.0
514,Cliente 100_13,13,44.0,540.0
515,Cliente 101_13,13,45.0,540.0
516,Cliente 102_13,13,45.0,540.0
517,Cliente 103_13,13,46.0,540.0
518,Cliente 104_13,13,46.0,540.0
519,Cliente 105_13,13,46.0,540.0
520,Cliente 106_13,13,46.0,540.0
521,Cliente 107_13,13,46.0,540.0
522,Cliente 108_13,13,48.0,540.0
523,Cliente 109_13,13,48.0,540.0
524,Cliente 110_13,13,49.0,540.0
525,Cliente 111_13,13,50.0,540.0
526,Cliente 112_13,13,50.0,540.0
527,Cliente 113_13,13,50.0,540.0
528,Cliente 114_13,13,51.0,540.0
529,Cliente 115_13,13,51.0,540.0
530,Cliente 116_13,13,52.0,540.0
531,Cliente 117_13,13,52.0,540.0
532,Cliente 118_13,13,52.0,540.0
533,Cliente 119_13,13,52.0,540.0
534,Cliente 120_13,13,53.0,540.0
535,Cliente 121_13,13,53.0,540.0
536,Cliente 122_13,13,53.0,540.0
537,Cliente 123_13,13,54.0,540.0
538,Cliente 124_13,13,55.0,540.0
539,Cliente 125_13,13,55.0,540.0
540,Cliente 126_13,13,55.0,540.0
541,Cliente 127_13,13,56.0,540.0
542,Cliente 128_13,13,56.0,540.0
543,Cliente 129_13,13,56.0,540.0
544,Cliente 130_13,13,57.0,540.0
545,Cliente 131_13,13,57.0,540.0
546,Cliente 132_13,13,57.0,540.0
547,Cliente 133_13,13,57.0,540.0
548,Cliente 134_13,13,58.0,540.0
549,Cliente 135_13,13,59.0,540.0
550,Cliente 136_13,13,59.0,540.0
551,Cliente 137_13,13,59.0,540.0
552,Cliente 138_13,13,59.0,540.0
553,Cliente 139_13,13,59.0,540.0
554,Cliente 1_12,12,0.0,540.0
555,Cliente 2_12,12,0.0,540.0
556,Cliente 3_12,12,2.0,540.0
557,Cliente 4_12,12,2.0,540.0
558,Cliente 5_12,12,2.0,540.0
559,Cliente 6_12,12,2.0,540.0
560,Cliente 7_12,12,3.0,540.0
561,Cliente 8_12,12,3.0,540.0
562,Cliente 9_12,12,4.0,540.0
563,Cliente 10_12,12,5.0,540.0
564,Cliente 11_12,12,5.0,540.0
565,Cliente 12_12,12,6.0,540.0
566,Cliente 13_12,12,6.0,540.0
567,Cliente 14_12,12,6.0,540.0
568,Cliente 15_12,12,6.0,540.0
569,Cliente 16_12,12,6.0,540.0
570,Cliente 17_12,12,7.0,540.0
571,Cliente 18_12,12,7.0,540.0
572,Cliente 19_12,12,7.0,540.0
573,Cliente 20_12,12,8.0,540.0
574,Cliente 21_12,12,8.0,540.0
575,Cliente 22_12,12,8.0,540.0
576,Cliente 23_12,12,8.0,540.0
577,Cliente 24_12,12,8.0,540.0
578,Cliente 25_12,12,9.0,540.0
579,Cliente 26_12,12,9.0,540.0
580,Cliente 27_12,12,9.0,540.0
581,Cliente 28_12,12,9.0,540.0
582,Cliente 29_12,12,9.0,540.0
583,Cliente 30_12,12,9.0,540.0
584,Cliente 31_12,12,10.0,540.0
585,Cliente 32_12,12,10.0,540.0
586,Cliente 33_12,12,11.0,540.0
587,Cliente 34_12,12,12.0,540.0
588,Cliente 35_12,12,12.0,540.0
589,Cliente 36_12,12,12.0,540.0
590,Cliente 37_12,12,13.0,540.0
591,Cliente 38_12,12,13.0,540.0
592,Cliente 39_12,12,13.0,540.0
593,Cliente 40_12,12,13.0,540.0
594,Cliente 41_12,12,13.0,540.0
595,Cliente 42_12,12,14.0,540.0
596,Cliente 43_12,12,14.0,540.0
597,Cliente 44_12,12,14.0,540.0
598,Cliente 45_12,12,14.0,540.0
599,Cliente 46_12,12,15.0,540.0
600,Cliente 47_12,12,15.0,540.0
601,Cliente 48_12,12,15.0,540.0
602,Cliente 49_12,12,15.0,540.0
603,Cliente 50_12,12,17.0,540.0
604,Cliente 51_12,12,17.0,540.0
605,Cliente 52_12,12,17.0,540.0
606,Cliente 53_12,12,18.0,540.0
607,Cliente 54_12,12,18.0,540.0
608,Cliente 55_12,12,18.0,540.0
609,Cliente 56_12,12,19.0,540.0
610,Cliente 57_12,12,19.0,540.0
611,Cliente 58_12,12,19.0,540.0
612,Cliente 59_12,12,20.0,540.0
613,Cliente 60_12,12,20.0,540.0
614,Cliente 61_12,12,20.0,540.0
615,Cliente 62_12,12,20.0,540.0
616,Cliente 63_12,12,20.0,540.0
617,Cliente 64_12,12,20.0,540.0
618,Cliente 65_12,12,21.0,540.0
619,Cliente 66_12,12,21.0,540.0
620,Cliente 67_12,12,21.0,540.0
621,Cliente 68_12,12,22.0,540.0
622,Cliente 69_12,12,22.0,540.0
623,Cliente 70_12,12,22.0,540.0
624,Cliente 71_12,12,22.0,540.0
625,Cliente 72_12,12,22.0,540.0
626,Cliente 73_12,12,23.0,540.0
627,Cliente 74_12,12,23.0,540.0
628,Cliente 75_12,12,25.0,540.0
629,Cliente 76_12,12,25.0,540.0
630,Cliente 77_12,12,26.0,540.0
631,Cliente 78_12,12,26.0,540.0
632,Cliente 79_12,12,26.0,540.0
633,Cliente 80_12,12,27.0,540.0
634,Cliente 81_12,12,27.0,540.0
635,Cliente 82_12,12,27.0,540.0
636,Cliente 83_12,12,27.0,540.0
637,Cliente 84_12,12,28.0,540.0
638,Cliente 85_12,12,28.0,540.0
639,Cliente 86_12,12,28.0,540.0
640,Cliente 87_12,12,28.0,540.0
641,Cliente 88_12,12,29.0,540.0
642,Cliente 89_12,12,29.0,540.0
643,Cliente 90_12,12,29.0,540.0
644,Cliente 91_12,12,30.0,540.0
645,Cliente 92_12,12,30.0,540.0
646,Cliente 93_12,12,31.0,540.0
647,Cliente 94_12,12,31.0,540.0
648,Cliente 95_12,12,31.0,540.0
649,Cliente 96_12,12,31.0,540.0
650,Cliente 97_12,12,31.0,540.0
651,Cliente 98_12,12,32.0,540.0
652,Cliente 99_12,12,34.0,540.0
653,Cliente 100_12,12,34.0,540.0
654,Cliente 101_12,12,35.0,540.0
655,Cliente 102_12,12,35.0,540.0
656,Cliente 103_12,12,36.0,540.0
657,Cliente 104_12,12,37.0,540.0
658,Cliente 105_12,12,37.0,540.0
659,Cliente 106_12,12,37.0,540.0
660,Cliente 107_12,12,38.0,540.0
661,Cliente 108_12,12,38.0,540.0
662,Cliente 109_12,12,38.0,540.0
663,Cliente 110_12,12,39.0,540.0
664,Cliente 111_12,12,39.0,540.0
665,Cliente 112_12,12,39.0,540.0
666,Cliente 113_12,12,40.0,540.0
667,Cliente 114_12,12,40.0,540.0
668,Cliente 115_12,12,40.0,540.0
669,Cliente 116_12,12,41.0,540.0
670,Cliente 117_12,12,41.0,540.0
671,Cliente 118_12,12,42.0,540.0
672,Cliente 119_12,12,42.0,540.0
673,Cliente 120_12,12,42.0,540.0
674,Cliente 121_12,12,43.0,540.0
675,Cliente 122_12,12,43.0,540.0
676,Cliente 123_12,12,43.0,540.0
677,Cliente 124_12,12,43.0,540.0
678,Cliente 125_12,12,44.0,540.0
679,Cliente 126_12,12,44.0,540.0
680,Cliente 127_12,12,44.0,540.0
681,Cliente 128_12,12,44.0,540.0
682,Cliente 129_12,12,44.0,540.0
683,Cliente 130_12,12,45.0,540.0
684,Cliente 131_12,12,46.0,540.0
685,Cliente 132_12,12,46.0,540.0
686,Cliente 133_12,12,46.0,540.0
687,Cliente 134_12,12,47.0,540.0
688,Cliente 135_12,12,47.0,540.0
689,Cliente 136_12,12,47.0,540.0
690,Cliente 137_12,12,47.0,540.0
691,Cliente 138_12,12,47.0,540.0
692,Cliente 139_12,12,48.0,540.0
693,Cliente 140_12,12,48.0,540.0
694,Cliente 141_12,12,48.0,540.0
695,Cliente 142_12,12,48.0,540.0
696,Cliente 143_12,12,49.0,540.0
697,Cliente 144_12,12,49.0,540.0
698,Cliente 145_12,12,49.0,540.0
699,Cliente 146_12,12,49.0,540.0
700,Cliente 147_12,12,50.0,540.0
701,Cliente 148_12,12,50.0,540.0
702,Cliente 149_12,12,51.0,540.0
703,Cliente 150_12,12,51.0,540.0
704,Cliente 151_12,12,52.0,540.0
705,Cliente 152_12,12,52.0,540.0
706,Cliente 153_12,12,53.0,540.0
707,Cliente 154_12,12,53.0,540.0
708,Cliente 155_12,12,53.0,540.0
709,Cliente 156_12,12,53.0,540.0
710,Cliente 157_12,12,53.0,540.0
711,Cliente 158_12,12,54.0,540.0
712,Cliente 159_12,12,55.0,540.0
713,Cliente 160_12,12,55.0,540.0
714,Cliente 161_12,12,56.0,540.0
715,Cliente 162_12,12,56.0,540.0
716,Cliente 163_12,12,57.0,540.0
717,Cliente 164_12,12,57.0,540.0
718,Cliente 165_12,12,57.0,540.0
719,Cliente 166_12,12,57.0,540.0
720,Cliente 167_12,12,57.0,540.0
721,Cliente 168_12,12,58.0,540.0
722,Cliente 169_12,12,59.0,540.0
723,Cliente 170_12,12,59.0,540.0
724,Cliente 171_12,12,59.0,540.0
725,Cliente 172_12,13,0.0,540.0
726,Cliente 173_12,13,0.0,540.0
727,Cliente 174_12,13,0.0,540.0
728,Cliente 1_11,11,0.0,540.0
729,Cliente 2_11,11,1.0,540.0
730,Cliente 3_11,11,1.0,540.0
731,Cliente 4_11,11,1.0,540.0
732,Cliente 5_11,11,2.0,540.0
733,Cliente 6_11,11,2.0,540.0
734,Cliente 7_11,11,2.0,540.0
735,Cliente 8_11,11,2.0,540.0
736,Cliente 9_11,11,2.0,540.0
737,Cliente 10_11,11,3.0,540.0
738,Cliente 11_11,11,3.0,540.0
739,Cliente 12_11,11,3.0,540.0
740,Cliente 13_11,11,4.0,540.0
741,Cliente 14_11,11,4.0,540.0
742,Cliente 15_11,11,5.0,540.0
743,Cliente 16_11,11,5.0,540.0
744,Cliente 17_11,11,5.0,540.0
745,Cliente 18_11,11,5.0,540.0
746,Cliente 19_11,11,6.0,540.0
747,Cliente 20_11,11,6.0,540.0
748,Cliente 21_11,11,7.0,540.0
749,Cliente 22_11,11,7.0,540.0
750,Cliente 23_11,11,7.0,540.0
751,Cliente 24_11,11,8.0,540.0
752,Cliente 25_11,11,8.0,540.0
753,Cliente 26_11,11,8.0,540.0
754,Cliente 27_11,11,9.0,540.0
755,Cliente 28_11,11,9.0,540.0
756,Cliente 29_11,11,10.0,540.0
757,Cliente 30_11,11,10.0,540.0
758,Cliente 31_11,11,11.0,540.0
759,Cliente 32_11,11,11.0,540.0
760,Cliente 33_11,11,12.0,540.0
761,Cliente 34_11,11,12.0,540.0
762,Cliente 35_11,11,14.0,540.0
763,Cliente 36_11,11,14.0,540.0
764,Cliente 37_11,11,15.0,540.0
765,Cliente 38_11,11,15.0,540.0
766,Cliente 39_11,11,15.0,540.0
767,Cliente 40_11,11,16.0,540.0
768,Cliente 41_11,11,16.0,540.0
769,Cliente 42_11,11,16.0,540.0
770,Cliente 43_11,11,16.0,540.0
771,Cliente 44_11,11,17.0,540.0
772,Cliente 45_11,11,17.0,540.0
773,Cliente 46_11,11,18.0,540.0
774,Cliente 47_11,11,18.0,540.0
775,Cliente 48_11,11,19.0,540.0
776,Cliente 49_11,11,19.0,540.0
777,Cliente 50_11,11,20.0,540.0
778,Cliente 51_11,11,20.0,540.0
779,Cliente 52_11,11,20.0,540.0
780,Cliente 53_11,11,20.0,540.0
781,Cliente 54_11,11,20.0,540.0
782,Cliente 55_11,11,22.0,540.0
783,Cliente 56_11,11,23.0,540.0
784,Cliente 57_11,11,23.0,540.0
785,Cliente 58_11,11,23.0,540.0
786,Cliente 59_11,11,23.0,540.0
787,Cliente 60_11,11,24.0,540.0
788,Cliente 61_11,11,24.0,540.0
789,Cliente 62_11,11,24.0,540.0
790,Cliente 63_11,11,24.0,540.0
791,Cliente 64_11,11,24.0,540.0
792,Cliente 65_11,11,25.0,540.0
793,Cliente 66_11,11,25.0,540.0
794,Cliente 67_11,11,26.0,540.0
795,Cliente 68_11,11,27.0,540.0
796,Cliente 69_11,11,28.0,540.0
797,Cliente 70_11,11,28.0,540.0
798,Cliente 71_11,11,29.0,540.0
799,Cliente 72_11,11,29.0,540.0
800,Cliente 73_11,11,29.0,540.0
801,Cliente 74_11,11,30.0,540.0
802,Cliente 75_11,11,30.0,540.0
803,Cliente 76_11,11,30.0,540.0
804,Cliente 77_11,11,32.0,540.0
805,Cliente 78_11,11,32.0,540.0
806,Cliente 79_11,11,32.0,540.0
807,Cliente 80_11,11,32.0,540.0
808,Cliente 81_11,11,32.0,540.0
809,Cliente 82_11,11,33.0,540.0
810,Cliente 83_11,11,33.0,540.0
811,Cliente 84_11,11,33.0,540.0
812,Cliente 85_11,11,33.0,540.0
813,Cliente 86_11,11,33.0,540.0
814,Cliente 87_11,11,34.0,540.0
815,Cliente 88_11,11,34.0,540.0
816,Cliente 89_11,11,34.0,540.0
817,Cliente 90_11,11,34.0,540.0
818,Cliente 91_11,11,35.0,540.0
819,Cliente 92_11,11,35.0,540.0
820,Cliente 93_11,11,35.0,540.0
821,Cliente 94_11,11,36.0,540.0
822,Cliente 95_11,11,36.0,540.0
823,Cliente 96_11,11,37.0,540.0
824,Cliente 97_11,11,37.0,540.0
825,Cliente 98_11,11,38.0,540.0
826,Cliente 99_11,11,38.0,540.0
827,Cliente 100_11,11,38.0,540.0
828,Cliente 101_11,11,38.0,540.0
829,Cliente 102_11,11,39.0,540.0
830,Cliente 103_11,11,39.0,540.0
831,Cliente 104_11,11,39.0,540.0
832,Cliente 105_11,11,39.0,540.0
833,Cliente 106_11,11,39.0,540.0
834,Cliente 107_11,11,40.0,540.0
835,Cliente 108_11,11,41.0,540.0
836,Cliente 109_11,11,42.0,540.0
837,Cliente 110_11,11,43.0,540.0
838,Cliente 111_11,11,43.0,540.0
839,Cliente 112_11,11,44.0,540.0
840,Cliente 113_11,11,44.0,540.0
841,Cliente 114_11,11,44.0,540.0
842,Cliente 115_11,11,44.0,540.0
843,Cliente 116_11,11,45.0,540.0
844,Cliente 117_11,11,45.0,540.0
845,Cliente 118_11,11,45.0,540.0
846,Cliente 119_11,11,46.0,540.0
847,Cliente 120_11,11,46.0,540.0
848,Cliente 121_11,11,47.0,540.0
849,Cliente 122_11,11,47.0,540.0
850,Cliente 123_11,11,47.0,540.0
851,Cliente 124_11,11,48.0,540.0
852,Cliente 125_11,11,48.0,540.0
853,Cliente 126_11,11,48.0,540.0
854,Cliente 127_11,11,48.0,540.0
855,Cliente 128_11,11,48.0,540.0
856,Cliente 129_11,11,48.0,540.0
857,Cliente 130_11,11,49.0,540.0
858,Cliente 131_11,11,49.0,540.0
859,Cliente 132_11,11,49.0,540.0
860,Cliente 133_11,11,49.0,540.0
861,Cliente 134_11,11,49.0,540.0
862,Cliente 135_11,11,49.0,540.0
863,Cliente 136_11,11,49.0,540.0
864,Cliente 137_11,11,50.0,540.0
865,Cliente 138_11,11,50.0,540.0
866,Cliente 139_11,11,50.0,540.0
867,Cliente 140_11,11,50.0,540.0
868,Cliente 141_11,11,51.0,540.0
869,Cliente 142_11,11,51.0,540.0
870,Cliente 143_11,11,51.0,540.0
871,Cliente 144_11,11,51.0,540.0
872,Cliente 145_11,11,52.0,540.0
873,Cliente 146_11,11,52.0,540.0
874,Cliente 147_11,11,52.0,540.0
875,Cliente 148_11,11,53.0,540.0
876,Cliente 149_11,11,53.0,540.0
877,Cliente 150_11,11,53.0,540.0
878,Cliente 151_11,11,54.0,540.0
879,Cliente 152_11,11,54.0,540.0
880,Cliente 153_11,11,54.0,540.0
881,Cliente 154_11,11,55.0,540.0
882,Cliente 155_11,11,55.0,540.0
883,Cliente 156_11,11,55.0,540.0
884,Cliente 157_11,11,56.0,540.0
885,Cliente 158_11,11,56.0,540.0
886,Cliente 159_11,11,56.0,540.0
887,Cliente 160_11,11,56.0,540.0
888,Cliente 161_11,11,56.0,540.0
889,Cliente 162_11,11,56.0,540.0
890,Cliente 163_11,11,57.0,540.0
891,Cliente 164_11,11,57.0,540.0
892,Cliente 165_11,11,57.0,540.0
893,Cliente 166_11,11,57.0,540.0
894,Cliente 167_11,11,57.0,540.0
895,Cliente 168_11,11,58.0,540.0
896,Cliente 169_11,11,58.0,540.0
897,Cliente 170_11,11,59.0,540.0
898,Cliente 171_11,11,59.0,540.0
899,Cliente 172_11,11,59.0,540.0
900,Cliente 173_11,12,0.0,540.0
901,Cliente 1_10,10,0.0,540.0
902,Cliente 2_10,10,0.0,540.0
903,Cliente 3_10,10,1.0,540.0
904,Cliente 4_10,10,1.0,540.0
905,Cliente 5_10,10,2.0,540.0
906,Cliente 6_10,10,2.0,540.0
907,Cliente 7_10,10,2.0,540.0
908,Cliente 8_10,10,2.0,540.0
909,Cliente 9_10,10,3.0,540.0
910,Cliente 10_10,10,3.0,540.0
911,Cliente 11_10,10,3.0,540.0
912,Cliente 12_10,10,4.0,540.0
913,Cliente 13_10,10,5.0,540.0
914,Cliente 14_10,10,5.0,540.0
915,Cliente 15_10,10,5.0,540.0
916,Cliente 16_10,10,5.0,540.0
917,Cliente 17_10,10,6.0,540.0
918,Cliente 18_10,10,6.0,540.0
919,Cliente 19_10,10,6.0,540.0
920,Cliente 20_10,10,6.0,540.0
921,Cliente 21_10,10,6.0,540.0
922,Cliente 22_10,10,6.0,540.0
923,Cliente 23_10,10,7.0,540.0
924,Cliente 24_10,10,7.0,540.0
925,Cliente 25_10,10,7.0,540.0
926,Cliente 26_10,10,7.0,540.0
927,Cliente 27_10,10,7.0,540.0
928,Cliente 28_10,10,8.0,540.0
929,Cliente 29_10,10,8.0,540.0
930,Cliente 30_10,10,9.0,540.0
931,Cliente 31_10,10,9.0,540.0
932,Cliente 32_10,10,9.0,540.0
933,Cliente 33_10,10,10.0,540.0
934,Cliente 34_10,10,10.0,540.0
935,Cliente 35_10,10,10.0,540.0
936,Cliente 36_10,10,10.0,540.0
937,Cliente 37_10,10,10.0,540.0
938,Cliente 38_10,10,10.0,540.0
939,Cliente 39_10,10,10.0,540.0
940,Cliente 40_10,10,10.0,540.0
941,Cliente 41_10,10,11.0,540.0
942,Cliente 42_10,10,11.0,540.0
943,Cliente 43_10,10,12.0,540.0
944,Cliente 44_10,10,12.0,540.0
945,Cliente 45_10,10,13.0,540.0
946,Cliente 46_10,10,13.0,540.0
947,Cliente 47_10,10,14.0,540.0
948,Cliente 48_10,10,14.0,540.0
949,Cliente 49_10,10,14.0,540.0
950,Cliente 50_10,10,14.0,540.0
951,Cliente 51_10,10,15.0,540.0
952,Cliente 52_10,10,16.0,540.0
953,Cliente 53_10,10,16.0,540.0
954,Cliente 54_10,10,16.0,540.0
955,Cliente 55_10,10,16.0,540.0
956,Cliente 56_10,10,17.0,540.0
957,Cliente 57_10,10,17.0,540.0
958,Cliente 58_10,10,17.0,540.0
959,Cliente 59_10,10,17.0,540.0
960,Cliente 60_10,10,17.0,540.0
961,Cliente 61_10,10,17.0,540.0
962,Cliente 62_10,10,19.0,540.0
963,Cliente 63_10,10,19.0,540.0
964,Cliente 64_10,10,20.0,540.0
965,Cliente 65_10,10,22.0,540.0
966,Cliente 66_10,10,22.0,540.0
967,Cliente 67_10,10,22.0,540.0
968,Cliente 68_10,10,22.0,540.0
969,Cliente 69_10,10,22.0,540.0
970,Cliente 70_10,10,22.0,540.0
971,Cliente 71_10,10,23.0,540.0
972,Cliente 72_10,10,24.0,540.0
973,Cliente 73_10,10,24.0,540.0
974,Cliente 74_10,10,24.0,540.0
975,Cliente 75_10,10,24.0,540.0
976,Cliente 76_10,10,24.0,540.0
977,Cliente 77_10,10,24.0,540.0
978,Cliente 78_10,10,25.0,540.0
979,Cliente 79_10,10,25.0,540.0
980,Cliente 80_10,10,25.0,540.0
981,Cliente 81_10,10,26.0,540.0
982,Cliente 82_10,10,26.0,540.0
983,Cliente 83_10,10,27.0,540.0
984,Cliente 84_10,10,27.0,540.0
985,Cliente 85_10,10,27.0,540.0
986,Cliente 86_10,10,28.0,540.0
987,Cliente 87_10,10,28.0,540.0
988,Cliente 88_10,10,29.0,540.0
989,Cliente 89_10,10,29.0,540.0
990,Cliente 90_10,10,30.0,540.0
991,Cliente 91_10,10,30.0,540.0
992,Cliente 92_10,10,30.0,540.0
993,Cliente 93_10,10,31.0,540.0
994,Cliente 94_10,10,31.0,540.0
995,Cliente 95_10,10,31.0,540.0
996,Cliente 96_10,10,31.0,540.0
997,Cliente 97_10,10,32.0,540.0
998,Cliente 98_10,10,33.0,540.0
999,Cliente 99_10,10,33.0,540.0
1000,Cliente 100_10,10,34.0,540.0
1001,Cliente 101_10,10,34.0,540.0
1002,Cliente 102_10,10,36.0,540.0
1003,Cliente 103_10,10,36.0,540.0
1004,Cliente 104_10,10,36.0,540.0
1005,Cliente 105_10,10,37.0,540.0
1006,Cliente 106_10,10,37.0,540.0
1007,Cliente 107_10,10,37.0,540.0
1008,Cliente 108_10,10,38.0,540.0
1009,Cliente 109_10,10,38.0,540.0
1010,Cliente 110_10,10,39.0,540.0
1011,Cliente 111_10,10,39.0,540.0
1012,Cliente 112_10,10,40.0,540.0
1013,Cliente 113_10,10,40.0,540.0
1014,Cliente 114_10,10,41.0,540.0
1015,Cliente 115_10,10,41.0,540.0
1016,Cliente 116_10,10,42.0,540.0
1017,Cliente 117_10,10,42.0,540.0
1018,Cliente 118_10,10,42.0,540.0
1019,Cliente 119_10,10,44.0,540.0
1020,Cliente 120_10,10,44.0,540.0
1021,Cliente 121_10,10,44.0,540.0
1022,Cliente 122_10,10,44.0,540.0
1023,Cliente 123_10,10,45.0,540.0
1024,Cliente 124_10,10,45.0,540.0
1025,Cliente 125_10,10,45.0,540.0
1026,Cliente 126_10,10,46.0,540.0
1027,Cliente 127_10,10,46.0,540.0
1028,Cliente 128_10,10,47.0,540.0
1029,Cliente 129_10,10,47.0,540.0
1030,Cliente 130_10,10,48.0,540.0
1031,Cliente 131_10,10,49.0,540.0
1032,Cliente 132_10,10,49.0,540.0
1033,Cliente 133_10,10,49.0,540.0
1034,Cliente 134_10,10,50.0,540.0
1035,Cliente 135_10,10,50.0,540.0
1036,Cliente 136_10,10,50.0,540.0
1037,Cliente 137_10,10,51.0,540.0
1038,Cliente 138_10,10,52.0,540.0
1039,Cliente 139_10,10,53.0,540.0
1040,Cliente 140_10,10,53.0,540.0
1041,Cliente 141_10,10,54.0,540.0
1042,Cliente 142_10,10,54.0,540.0
1043,Cliente 143_10,10,54.0,540.0
1044,Cliente 144_10,10,54.0,540.0
1045,Cliente 145_10,10,56.0,540.0
1046,Cliente 146_10,10,56.0,540.0
1047,Cliente 147_10,10,56.0,540.0
1048,Cliente 148_10,10,56.0,540.0
1049,Cliente 149_10,10,56.0,540.0
1050,Cliente 150_10,10,56.0,540.0
1051,Cliente 151_10,10,57.0,540.0
1052,Cliente 152_10,10,57.0,540.0
1053,Cliente 153_10,10,57.0,540.0
1054,Cliente 154_10,10,58.0,540.0
1055,Cliente 155_10,10,58.0,540.0
1056,Cliente 156_10,10,58.0,540.0
1057,Cliente 157_10,10,58.0,540.0
1058,Cliente 158_10,10,58.0,540.0
1059,Cliente 159_10,10,59.0,540.0
1060,Cliente 160_10,10,59.0,540.0
1061,Cliente 161_10,10,59.0,540.0
1062,Cliente 162_10,11,0.0,540.0
1063,Cliente 1_9,9,0.0,540.0
1064,Cliente 2_9,9,1.0,540.0
1065,Cliente 3_9,9,1.0,540.0
1066,Cliente 4_9,9,1.0,540.0
1067,Cliente 5_9,9,1.0,540.0
1068,Cliente 6_9,9,2.0,540.0
1069,Cliente 7_9,9,2.0,540.0
1070,Cliente 8_9,9,3.0,540.0
1071,Cliente 9_9,9,3.0,540.0
1072,Cliente 10_9,9,3.0,540.0
1073,Cliente 11_9,9,3.0,540.0
1074,Cliente 12_9,9,3.0,540.0
1075,Cliente 13_9,9,4.0,540.0
1076,Cliente 14_9,9,4.0,540.0
1077,Cliente 15_9,9,4.0,540.0
1078,Cliente 16_9,9,4.0,540.0
1079,Cliente 17_9,9,6.0,540.0
1080,Cliente 18_9,9,7.0,540.0
1081,Cliente 19_9,9,7.0,540.0
1082,Cliente 20_9,9,8.0,540.0
1083,Cliente 21_9,9,8.0,540.0
1084,Cliente 22_9,9,8.0,540.0
1085,Cliente 23_9,9,8.0,540.0
1086,Cliente 24_9,9,9.0,540.0
1087,Cliente 25_9,9,9.0,540.0
1088,Cliente 26_9,9,9.0,540.0
1089,Cliente 27_9,9,10.0,540.0
1090,Cliente 28_9,9,10.0,540.0
1091,Cliente 29_9,9,10.0,540.0
1092,Cliente 30_9,9,10.0,540.0
1093,Cliente 31_9,9,10.0,540.0
1094,Cliente 32_9,9,11.0,540.0
1095,Cliente 33_9,9,11.0,540.0
1096,Cliente 34_9,9,11.0,540.0
1097,Cliente 35_9,9,12.0,540.0
1098,Cliente 36_9,9,12.0,540.0
1099,Cliente 37_9,9,13.0,540.0
1100,Cliente 38_9,9,14.0,540.0
1101,Cliente 39_9,9,15.0,540.0
1102,Cliente 40_9,9,15.0,540.0
1103,Cliente 41_9,9,16.0,540.0
1104,Cliente 42_9,9,16.0,540.0
1105,Cliente 43_9,9,16.0,540.0
1106,Cliente 44_9,9,18.0,540.0
1107,Cliente 45_9,9,18.0,540.0
1108,Cliente 46_9,9,19.0,540.0
1109,Cliente 47_9,9,19.0,540.0
1110,Cliente 48_9,9,19.0,540.0
1111,Cliente 49_9,9,20.0,540.0
1112,Cliente 50_9,9,20.0,540.0
1113,Cliente 51_9,9,21.0,540.0
1114,Cliente 52_9,9,21.0,540.0
1115,Cliente 53_9,9,21.0,540.0
1116,Cliente 54_9,9,22.0,540.0
1117,Cliente 55_9,9,22.0,540.0
1118,Cliente 56_9,9,22.0,540.0
1119,Cliente 57_9,9,22.0,540.0
1120,Cliente 58_9,9,23.0,540.0
1121,Cliente 59_9,9,24.0,540.0
1122,Cliente 60_9,9,24.0,540.0
1123,Cliente 61_9,9,24.0,540.0
1124,Cliente 62_9,9,25.0,540.0
1125,Cliente 63_9,9,25.0,540.0
1126,Cliente 64_9,9,25.0,540.0
1127,Cliente 65_9,9,26.0,540.0
1128,Cliente 66_9,9,27.0,540.0
1129,Cliente 67_9,9,27.0,540.0
1130,Cliente 68_9,9,28.0,540.0
1131,Cliente 69_9,9,28.0,540.0
1132,Cliente 70_9,9,28.0,540.0
1133,Cliente 71_9,9,29.0,540.0
1134,Cliente 72_9,9,29.0,540.0
1135,Cliente 73_9,9,29.0,540.0
1136,Cliente 74_9,9,30.0,540.0
1137,Cliente 75_9,9,31.0,540.0
1138,Cliente 76_9,9,31.0,540.0
1139,Cliente 77_9,9,32.0,540.0
1140,Cliente 78_9,9,32.0,540.0
1141,Cliente 79_9,9,32.0,540.0
1142,Cliente 80_9,9,32.0,540.0
1143,Cliente 81_9,9,33.0,540.0
1144,Cliente 82_9,9,33.0,540.0
1145,Cliente 83_9,9,34.0,540.0
1146,Cliente 84_9,9,34.0,540.0
1147,Cliente 85_9,9,34.0,540.0
1148,Cliente 86_9,9,36.0,540.0
1149,Cliente 87_9,9,36.0,540.0
1150,Cliente 88_9,9,37.0,540.0
1151,Cliente 89_9,9,37.0,540.0
1152,Cliente 90_9,9,38.0,540.0
1153,Cliente 91_9,9,38.0,540.0
1154,Cliente 92_9,9,38.0,540.0
1155,Cliente 93_9,9,41.0,540.0
1156,Cliente 94_9,9,41.0,540.0
1157,Cliente 95_9,9,42.0,540.0
1158,Cliente 96_9,9,42.0,540.0
1159,Cliente 97_9,9,44.0,540.0
1160,Cliente 98_9,9,44.0,540.0
1161,Cliente 99_9,9,44.0,540.0
1162,Cliente 100_9,9,44.0,540.0
1163,Cliente 101_9,9,44.0,540.0
1164,Cliente 102_9,9,44.0,540.0
1165,Cliente 103_9,9,45.0,540.0
1166,Cliente 104_9,9,46.0,540.0
1167,Cliente 105_9,9,47.0,540.0
1168,Cliente 106_9,9,47.0,540.0
1169,Cliente 107_9,9,48.0,540.0
1170,Cliente 108_9,9,48.0,540.0
1171,Cliente 109_9,9,49.0,540.0
1172,Cliente 110_9,9,50.0,540.0
1173,Cliente 111_9,9,50.0,540.0
1174,Cliente 112_9,9,50.0,540.0
1175,Cliente 113_9,9,50.0,540.0
1176,Cliente 114_9,9,50.0,540.0
1177,Cliente 115_9,9,50.0,540.0
1178,Cliente 116_9,9,50.0,540.0
1179,Cliente 117_9,9,51.0,540.0
1180,Cliente 118_9,9,52.0,540.0
1181,Cliente 119_9,9,52.0,540.0
1182,Cliente 120_9,9,53.0,540.0
1183,Cliente 121_9,9,54.0,540.0
1184,Cliente 122_9,9,54.0,540.0
1185,Cliente 123_9,9,54.0,540.0
1186,Cliente 124_9,9,55.0,540.0
1187,Cliente 125_9,9,55.0,540.0
1188,Cliente 126_9,9,55.0,540.0
1189,Cliente 127_9,9,56.0,540.0
1190,Cliente 128_9,9,56.0,540.0
1191,Cliente 129_9,9,56.0,540.0
1192,Cliente 130_9,9,56.0,540.0
1193,Cliente 131_9,9,57.0,540.0
1194,Cliente 132_9,10,0.0,540.0
1195,Cliente 1_8,8,0.0,540.0
1196,Cliente 2_8,8,1.0,540.0
1197,Cliente 3_8,8,2.0,540.0
1198,Cliente 4_8,8,2.0,540.0
1199,Cliente 5_8,8,2.0,540.0
1200,Cliente 6_8,8,3.0,540.0
1201,Cliente 7_8,8,4.0,540.0
1202,Cliente 8_8,8,4.0,540.0
1203,Cliente 9_8,8,4.0,540.0
1204,Cliente 10_8,8,7.0,540.0
1205,Cliente 11_8,8,7.0,540.0
1206,Cliente 12_8,8,7.0,540.0
1207,Cliente 13_8,8,7.0,540.0
1208,Cliente 14_8,8,7.0,540.0
1209,Cliente 15_8,8,9.0,540.0
1210,Cliente 16_8,8,9.0,540.0
1211,Cliente 17_8,8,10.0,540.0
1212,Cliente 18_8,8,11.0,540.0
1213,Cliente 19_8,8,11.0,540.0
1214,Cliente 20_8,8,11.0,540.0
1215,Cliente 21_8,8,12.0,540.0
1216,Cliente 22_8,8,12.0,540.0
1217,Cliente 23_8,8,13.0,540.0
1218,Cliente 24_8,8,13.0,540.0
1219,Cliente 25_8,8,15.0,540.0
1220,Cliente 26_8,8,17.0,540.0
1221,Cliente 27_8,8,17.0,540.0
1222,Cliente 28_8,8,19.0,540.0
1223,Cliente 29_8,8,19.0,540.0
1224,Cliente 30_8,8,19.0,540.0
1225,Cliente 31_8,8,20.0,540.0
1226,Cliente 32_8,8,21.0,540.0
1227,Cliente 33_8,8,21.0,540.0
1228,Cliente 34_8,8,24.0,540.0
1229,Cliente 35_8,8,24.0,540.0
1230,Cliente 36_8,8,24.0,540.0
1231,Cliente 37_8,8,24.0,540.0
1232,Cliente 38_8,8,25.0,540.0
1233,Cliente 39_8,8,25.0,540.0
1234,Cliente 40_8,8,26.0,540.0
1235,Cliente 41_8,8,26.0,540.0
1236,Cliente 42_8,8,26.0,540.0
1237,Cliente 43_8,8,26.0,540.0
1238,Cliente 44_8,8,27.0,540.0
1239,Cliente 45_8,8,28.0,540.0
1240,Cliente 46_8,8,29.0,540.0
1241,Cliente 47_8,8,30.0,540.0
1242,Cliente 48_8,8,30.0,540.0
1243,Cliente 49_8,8,31.0,540.0
1244,Cliente 50_8,8,31.0,540.0
1245,Cliente 51_8,8,31.0,540.0
1246,Cliente 52_8,8,32.0,540.0
1247,Cliente 53_8,8,32.0,540.0
1248,Cliente 54_8,8,32.0,540.0
1249,Cliente 55_8,8,32.0,540.0
1250,Cliente 56_8,8,34.0,540.0
1251,Cliente 57_8,8,34.0,540.0
1252,Cliente 58_8,8,35.0,540.0
1253,Cliente 59_8,8,35.0,540.0
1254,Cliente 60_8,8,35.0,540.0
1255,Cliente 61_8,8,36.0,540.0
1256,Cliente 62_8,8,36.0,540.0
1257,Cliente 63_8,8,38.0,540.0
1258,Cliente 64_8,8,38.0,540.0
1259,Cliente 65_8,8,38.0,540.0
1260,Cliente 66_8,8,40.0,540.0
1261,Cliente 67_8,8,41.0,540.0
1262,Cliente 68_8,8,42.0,540.0
1263,Cliente 69_8,8,43.0,540.0
1264,Cliente 70_8,8,45.0,540.0
1265,Cliente 71_8,8,47.0,540.0
1266,Cliente 72_8,8,47.0,540.0
1267,Cliente 73_8,8,47.0,540.0
1268,Cliente 74_8,8,47.0,540.0
1269,Cliente 75_8,8,47.0,540.0
1270,Cliente 76_8,8,48.0,540.0
1271,Cliente 77_8,8,48.0,540.0
1272,Cliente 78_8,8,49.0,540.0
1273,Cliente 79_8,8,50.0,540.0
1274,Cliente 80_8,8,51.0,540.0
1275,Cliente 81_8,8,52.0,540.0
1276,Cliente 82_8,8,53.0,540.0
1277,Cliente 83_8,8,53.0,540.0
1278,Cliente 84_8,8,54.0,540.0
1279,Cliente 85_8,8,56.0,540.0
1280,Cliente 86_8,8,57.0,540.0
1281,Cliente 87_8,8,57.0,540.0
1282,Cliente 88_8,8,57.0,540.0
1283,Cliente 89_8,8,57.0,540.0
1284,Cliente 90_8,8,58.0,540.0
1285,Cliente 91_8,8,59.0,540.0
1286,Cliente 92_8,8,59.0,540.0
1287,Cliente 93_8,9,0.0,540.0
1288,Cliente 1_8,8,0.0,540.0
1289,Cliente 2_8,8,1.0,540.0
1290,Cliente 3_8,8,2.0,540.0
1291,Cliente 4_8,8,2.0,540.0
1292,Cliente 5_8,8,2.0,540.0
1293,Cliente 6_8,8,3.0,540.0
1294,Cliente 7_8,8,4.0,540.0
1295,Cliente 8_8,8,4.0,540.0
1296,Cliente 9_8,8,4.0,540.0
1297,Cliente 10_8,8,7.0,540.0
1298,Cliente 11_8,8,7.0,540.0
1299,Cliente 12_8,8,7.0,540.0
1300,Cliente 13_8,8,7.0,540.0
1301,Cliente 14_8,8,7.0,540.0
1302,Cliente 15_8,8,9.0,540.0
1303,Cliente 16_8,8,9.0,540.0
1304,Cliente 17_8,8,10.0,540.0
1305,Cliente 18_8,8,11.0,540.0
1306,Cliente 19_8,8,11.0,540.0
1307,Cliente 20_8,8,11.0,540.0
1308,Cliente 21_8,8,12.0,540.0
1309,Cliente 22_8,8,12.0,540.0
1310,Cliente 23_8,8,13.0,540.0
1311,Cliente 24_8,8,13.0,540.0
1312,Cliente 25_8,8,15.0,540.0
1313,Cliente 26_8,8,17.0,540.0
1314,Cliente 27_8,8,17.0,540.0
1315,Cliente 28_8,8,19.0,540.0
1316,Cliente 29_8,8,19.0,540.0
1317,Cliente 30_8,8,19.0,540.0
1318,Cliente 31_8,8,20.0,540.0
1319,Cliente 32_8,8,21.0,540.0
1320,Cliente 33_8,8,21.0,540.0
1321,Cliente 34_8,8,24.0,540.0
1322,Cliente 35_8,8,24.0,540.0
1323,Cliente 36_8,8,24.0,540.0
1324,Cliente 37_8,8,24.0,540.0
1325,Cliente 38_8,8,25.0,540.0
1326,Cliente 39_8,8,25.0,540.0
1327,Cliente 40_8,8,26.0,540.0
1328,Cliente 41_8,8,26.0,540.0
1329,Cliente 42_8,8,26.0,540.0
1330,Cliente 43_8,8,26.0,540.0
1331,Cliente 44_8,8,27.0,540.0
1332,Cliente 45_8,8,28.0,540.0
1333,Cliente 46_8,8,29.0,540.0
1334,Cliente 47_8,8,30.0,540.0
1335,Cliente 48_8,8,30.0,540.0
1336,Cliente 49_8,8,31.0,540.0
1337,Cliente 50_8,8,31.0,540.0
1338,Cliente 51_8,8,31.0,540.0
1339,Cliente 52_8,8,32.0,540.0
1340,Cliente 53_8,8,32.0,540.0
1341,Cliente 54_8,8,32.0,540.0
1342,Cliente 55_8,8,32.0,540.0
1343,Cliente 56_8,8,34.0,540.0
1344,Cliente 57_8,8,34.0,540.0
1345,Cliente 58_8,8,35.0,540.0
1346,Cliente 59_8,8,35.0,540.0
1347,Cliente 60_8,8,35.0,540.0
1348,Cliente 61_8,8,36.0,540.0
1349,Cliente 62_8,8,36.0,540.0
1350,Cliente 63_8,8,38.0,540.0
1351,Cliente 64_8,8,38.0,540.0
1352,Cliente 65_8,8,38.0,540.0
1353,Cliente 66_8,8,40.0,540.0
1354,Cliente 67_8,8,41.0,540.0
1355,Cliente 68_8,8,42.0,540.0
1356,Cliente 69_8,8,43.0,540.0
1357,Cliente 70_8,8,45.0,540.0
1358,Cliente 71_8,8,47.0,540.0
1359,Cliente 72_8,8,47.0,540.0
1360,Cliente 73_8,8,47.0,540.0
1361,Cliente 74_8,8,47.0,540.0
1362,Cliente 75_8,8,47.0,540.0
1363,Cliente 76_8,8,48.0,540.0
1364,Cliente 77_8,8,48.0,540.0
1365,Cliente 78_8,8,49.0,540.0
1366,Cliente 79_8,8,50.0,540.0
1367,Cliente 80_8,8,51.0,540.0
1368,Cliente 81_8,8,52.0,540.0
1369,Cliente 82_8,8,53.0,540.0
1370,Cliente 83_8,8,53.0,540.0
1371,Cliente 84_8,8,54.0,540.0
1372,Cliente 85_8,8,56.0,540.0
1373,Cliente 86_8,8,57.0,540.0
1374,Cliente 87_8,8,57.0,540.0
1375,Cliente 88_8,8,57.0,540.0
1376,Cliente 89_8,8,57.0,540.0
1377,Cliente 90_8,8,58.0,540.0
1378,Cliente 91_8,8,59.0,540.0
1379,Cliente 92_8,8,59.0,540.0
1380,Cliente 93_8,9,0.0,540.0
